{
  "timestamp": "1753897406.3167975",
  "contracts": {
    "fibonacci": {
      "score": 1.0,
      "equal_outputs": 5,
      "description": "5/5 outputs were identical"
    },
    "fibonacci_2": {
      "score": 1.0,
      "equal_outputs": 5,
      "description": "5/5 outputs were identical"
    },
    "fibonacci_3": {
      "score": 1.0,
      "equal_outputs": 5,
      "description": "5/5 outputs were identical"
    },
    "fibonacci_4": {
      "score": 1.0,
      "equal_outputs": 5,
      "description": "5/5 outputs were identical"
    },
    "fibonacci_5": {
      "score": 1.0,
      "equal_outputs": 5,
      "description": "5/5 outputs were identical"
    }
  },
  "summary": {
    "total_contracts": 5,
    "average_score": 1.0
  }
}