order,pair_id,human_same,notes
1,006375261f20d6de,NO,
2,01e151ac19155c4f,YES,
3,02628509120090e4,YES,
4,029d8c6f9f034eaa,YES,
5,03b58e5966ad00cb,NO,
6,03f7c826eb652b0f,YES,
7,0692ff572ed253f6,NO,
8,07edf26f86513f4b,NO,
9,0938b0a8de600541,YES,
10,09fedad05926796e,YES,
11,0a3f2d174c7d21fd,NO,
12,0b75ad9ed585d71c,YES,
13,0ddb676a829e1c3c,YES,
14,0f9872be1098e679,YES,
15,13bbabb51877e2cc,NO,
16,14c6742c3ef35c48,NO,
17,16bdad8619c027f2,NO,
18,173920950d98ab95,YES,
19,1899e1f672590f9f,YES,
20,18c429b963712f3b,YES,
21,1af4d6088b678873,YES,
22,1b968630d040906d,YES,
23,1d26fceb1973b68c,NO,
24,1d751b382d0f430a,YES,
25,1fe0b6f0a1781075,YES,
26,202a8129465625f6,YES,
27,2052862eeba25629,YES,
28,2089c63111b3094f,YES,
29,20f6eb48ff76642f,YES,
30,2192c61684ec0db6,YES,
31,21e822af6ad0c106,YES,
32,2268ba172c57f02a,NO,
33,227f3c5aacd12c4e,YES,
34,232aaa361cd31e21,YES,
35,23b251e012dfd69a,YES,
36,24f1e21fdfceee03,YES,
37,25568adf5512fb0c,YES,
38,263c77e33945ea11,YES,
39,27279c21bdbc822f,YES,
40,289c41f698d79ab2,NO,
41,28f199f9944c96a1,YES,
42,29f3dca3aa8a816b,YES,
43,2b05492f489a40f1,YES,
44,2b0d0d02c0b4e0be,YES,
45,2c39baac8e0eef82,YES,
46,2cae0a8d53c9b7d4,YES,
47,2d15903fba2b4892,NO,
48,2d699ff3f1034274,NO,
49,2f7207670f71ce07,YES,
50,30b797ccd4eddd5c,YES,
51,30cad198b1663c83,YES,
52,320abf3d2546580d,YES,
53,3400ee9c5bb09e61,YES,
54,352d452a7f343b14,YES,
55,3603855321645717,YES,
56,361470cad3c00baa,YES,
57,37c7cb4fc5394071,YES,
58,382bc320640d43dd,NO,
59,3955267d9dcd9bd9,NO,
60,3a4bf3c4804f0c04,NO,
61,3b5c4aa9c2854188,NO,
62,3bbfe9add351099d,YES,
63,3c286e3e50c75e31,YES,
64,3d015273c5a3a857,YES,
65,3dbed907a7e48bb6,YES,
66,3ed11bbe06338ba7,YES,
67,3f12b393f09d33a6,YES,
68,3ffe939caee83938,YES,
69,4125346a4fad2fd2,YES,
70,42ef91ffa089a6ed,YES,
71,433b80354a2ece19,YES,
72,43c785d7853d7b0c,YES,
73,4538521e407cbda9,YES,
74,455e9f68d2dfde54,YES,
75,4581d1bd2f781ac7,YES,
76,45a6a2f20094ff6f,YES,
77,47fa3b562c0538a1,NO,
78,49a3eb29ec671df7,YES,
79,4a42dbf0d451a11b,YES,
80,4b61e342ae53c077,YES,
81,4bcef12b4e45bb07,YES,
82,4c22215d21a6f58c,YES,
83,4e250d406ee20a70,YES,
84,50d02868736ec1bb,YES,
85,5318ed5d4fc5d6a4,YES,
86,53b4213ad2a92bce,NO,
87,53f380cb1d3725aa,YES,
88,571edf464e8bb64a,YES,
89,5763690ad339a2bd,NO,
90,5e8b6c6d01bb3c23,YES,
91,5f0accebc9cf4f8c,NO,
92,5fb1e577733db57a,NO,
93,615fe558a99babd6,YES,
94,6352b915c7a266c4,YES,
95,63afc4d9f4beaf10,YES,
96,657fab6b49007122,YES,
97,67b52b32386e28e1,YES,
98,688a1c21980e6dce,NO,
99,6a3a9f33e6832550,YES,
100,6c0ee3595517f520,YES,
101,6c2fb1b473397332,YES,
102,6e3e6a28018fa1b8,YES,
103,6e7dd954afb9a0f8,YES,
104,6ff50c237c6f1e3b,NO,
105,72bda2f8474d0977,YES,
106,75d72687d1bd81ac,YES,
107,77d7d06e34381f9a,YES,
108,77e58d5407a607da,YES,
109,7ac585a25b634dc9,YES,
110,7ae8e7962102e74b,YES,
111,7b6e21a832d940fc,NO,
112,7bd3f927c248b591,YES,
113,7fc6701abc0380bf,YES,
114,8089b3bd5997c61d,NO,
115,82b5053fa10e1602,YES,
116,82e2eb9fc7f1e65b,YES,
117,8aa34f6cb56eb706,NO,
118,8e0ad475f5c02638,YES,
119,8e5450d81905c3d1,YES,
120,90ec23305f71665a,YES,
121,975b369e974f3775,YES,
122,98b37c10ee65e43d,YES,
123,98d8b169da29ea1c,YES,
124,9cd9065647c81a8e,YES,
125,a2069042bfcf8649,YES,
126,a7204b9c9e88e377,YES,
127,a8b13d3c77df3a1e,YES,
128,ade8de9918aecf42,YES,